id_d;id_s
66260;14
65321;15
65401;17
64514;26
65373;39
66455;99
66094;145
65599;103
65588;103
65466;104
66626;109
65454;119
65484;136
64696;169
65289;178
65369;182
66477;183
64517;194
64480;205
66013;244
66047;259
66586;264
65531;294
65225;296
65471;301
65299;363
64410;371
66033;383
65119;407
66041;416
65400;434
64685;436
65565;463
66251;465
65787;477
66020;480
66557;491
65447;497
65482;508
64556;536
66344;541
65338;559
65642;566
65978;586
66552;588
66351;590
65986;605
65804;608
64879;627
66380;637
65972;643
66276;660
66255;661
66109;679
66637;706
65663;710
66368;717
64304;734
64699;740
66687;751
66267;801
65978;805
64523;814
64498;817
65938;839
66048;843
64680;849
66244;850
64523;856
65253;913
66755;925
65455;925
66638;930
66726;938
66773;999
66153;1017
66073;1032
64829;1042
65827;1044
64364;1046
65387;1049
66182;1051
64874;1054
66784;1079
64368;1094
65635;1112
64488;1127
66814;1149
65882;1177
65686;1180
66098;1191
66071;1233
64439;1237
64526;1245
65334;1263
64996;1272
66879;1278
66844;1279
65259;1297
66861;1298
66243;1318
65960;1344
65874;1365
65939;1371
64922;1403
66008;1406
64640;1437
66217;1456
65048;1458
66704;1464
66132;1467
65752;1469
65623;1469
65016;1527
65523;1503
66775;1506
66339;1514
65409;1518
66035;1526
66230;1541
65177;1555
66480;1561
65688;1564
66454;1578
65933;1603
66127;1619
65222;1623
65983;1657
64448;1690
66799;1692
66016;1692
66748;1696
65721;1697
65842;1737
66207;1748
64734;1751
65210;1764
66034;1791
66598;1793
65704;1793
64432;1797
64880;1815
65883;1822
66642;1823
64391;1826
65608;1829
66529;1845
65751;1849
65657;1853
66696;1863
66542;1873
65629;1883
66769;1896
65433;1896
66218;1900
65584;1904
66844;1905
65822;1918
65797;1954
66539;1975
65057;1979
65968;1994
65271;2001
65569;2010
65705;2016
66878;2039
65747;2043
65015;2047
66641;2051
65618;2055
65481;2061
65419;2062
65502;2063
64980;2070
65699;2072
66299;2077
64779;2118
66606;2125
65676;2151
65755;2159
65033;2166
64310;2175
66184;2178
66541;2185
65742;2186
65921;2187
65690;2194
65934;2200
66535;2201
64539;2218
66239;2245
65359;2258
66419;2272
64665;2300
65201;2308
65651;2319
65046;2325
65809;2326
65561;2329
65847;2362
66869;2381
65849;2390
64671;2399
65503;2414
66658;2415
66410;2424
64791;2433
65995;2458
66641;2468
66137;2490
64575;2511
64917;2514
66319;2519
65350;2525
64733;2532
66574;2556
64308;2567
65058;2573
65905;2582
66733;2588
64844;2607
65911;2608
65505;2614
65537;2621
65589;2622
64882;2634
65387;2641
65493;2660
64530;2662
65530;2687
65110;2692
65804;2708
65782;2711
66768;2761
64356;2777
64576;2810
65776;2835
65139;2839
64936;2840
65599;2843
66237;2861
64353;2873
64925;2875
66124;2880
66825;2892
65234;2896
64899;2897
65475;2916
64566;2918
64855;2942
65263;2973
66727;2999
65566;3015
65183;3033
65254;3055
66199;3081
64523;3094
66199;3098
66008;3101
66551;3116
66456;3116
65191;3124
65064;3131
65565;3138
65188;3145
66393;3150
65936;3155
64376;3180
66543;3189
66807;3194
64624;3207
64364;3212
65390;3226
66764;3230
65479;3230
65808;3234
64655;3237
65495;3247
64782;3249
65099;3263
65880;3275
66570;3283
64521;3288
65998;3291
66448;3293
64798;3308
66011;3334
65762;3343
64712;3346
65405;3391
64325;3412
65032;3416
65925;3422
65544;3466
64759;3484
65591;3487
64471;3533
65322;3540
65113;3543
64629;3548
66370;3559
64820;3563
66819;3564
65967;3596
66677;3601
64504;3621
64965;3622
64362;3636
65937;3668
66168;3671
64625;3689
66218;3693
65214;3703
64943;3723
65717;3729
64526;3751
64301;3757
66004;3769
64799;3772
65294;3804
65107;3830
65423;3841
65299;3856
65967;3883
65717;3886
64351;3894
65531;3921
65631;3929
66168;3944
64879;3959
65396;3975
66844;3980
65778;4004
64725;4005
65911;4032
65042;4035
65321;4074
66275;4112
66269;4114
65369;4127
65980;4128
66017;4139
64498;4147
64412;4150
66078;4153
65392;4162
66095;4163
65703;4219
65113;4237
66120;4251
66294;4267
66047;4268
66041;4280
64446;4303
66864;4308
66578;4310
66030;4326
64559;4337
65855;4343
66799;4355
66016;4355
65590;4357
65400;4382
66023;4392
65627;4411
65040;4449
65978;4472
66625;4498
65643;4506
66637;4529
64510;4534
66050;4546
65454;4552
65916;4553
64891;4565
66107;4591
65972;4610
66116;4621
65750;4621
66442;4639
66367;4656
64756;4669
65939;4679
66844;4694
65853;4699
65584;4707
65505;4717
65508;4722
66810;4724
65334;4755
64523;4798
66285;4802
65938;4811
65574;4814
66639;4825
66255;4841
66069;4849
65657;4873
65981;4888
66244;4908
65447;4930
64936;4942
65051;5001
64478;5035
65787;5036
65373;5045
65634;5088
65295;5092
66551;5095
66456;5095
65387;5099
65706;5106
64402;5117
65640;5121
65557;5134
66531;5149
64515;5156
65189;5177
64692;5198
65950;5199
65484;5214
66351;5226
66127;5256
65141;5270
65561;5302
66001;5321
65827;5326
64469;5341
64779;5343
66586;5347
65960;5362
65721;5388
66345;5392
66868;5404
65551;5406
66773;5409
66021;5411
66512;5450
66775;5472
65892;5488
64308;5494
64544;5501
66075;5542
66313;5543
64488;5562
64626;5569
64900;5570
66132;5580
66861;5584
65561;5602
66714;5620
64584;5621
64915;5652
65882;5656
66598;5664
65833;5703
66034;5707
65067;5717
65737;5721
64732;5741
66175;5776
66652;5780
65976;5782
65579;5801
64341;5843
66096;5874
66799;5884
66016;5884
64625;5890
65911;5894
65788;5901
65184;5935
64358;5953
65265;5988
66665;6007
65309;6019
64379;6023
66510;6028
66341;6036
64729;6047
65409;6053
65064;6057
65274;6083
65847;6095
66137;6101
64855;6130
65569;6149
64832;6171
64733;6188
64789;6192
66574;6216
65870;6235
66756;6250
65672;6260
65596;6261
65705;6262
64921;6269
65742;6276
65934;6282
66515;6289
65033;6302
65113;6329
65136;6336
64799;6352
66534;6354
64320;6383
65110;6388
66199;6402
66116;6411
64934;6414
66116;57652
65113;57655
65382;6430
65196;6432
66871;6442
64570;6456
65733;6471
66643;6474
64662;6483
65755;6489
66621;6498
64806;6516
65147;6519
65230;6523
64556;6554
65315;6563
65565;6620
65734;6629
65246;6641
65741;6650
66855;6667
66396;6668
65576;6676
64652;6685
65493;6696
64470;6707
65797;6715
65699;6718
65863;6727
66205;6744
65589;6747
66435;6748
66649;6760
65191;6782
65684;6799
65058;6802
65357;6812
65515;6825
65424;6844
64475;6859
64551;6876
65804;6882
65949;6889
64986;6899
66306;6923
65134;6938
66814;6960
66703;6967
65621;6977
66848;6983
65222;6990
66454;7021
66139;7034
64526;7042
64954;7050
64668;7053
66077;7055
65555;7075
65130;7076
66312;7081
65018;7083
64953;7084
66092;7099
66529;7103
64881;7104
64566;7110
64640;7124
66199;7129
65064;7158
65719;7170
64755;7186
65309;7206
65899;7214
65058;7216
64969;7227
65739;7230
65120;7267
66371;7272
65864;7275
64362;7281
65781;7292
65871;7299
65357;7308
64723;7314
66543;7360
65220;7362
65072;7370
66046;7380
66080;7392
66247;7396
65106;7403
66170;7425
64392;7430
65534;7465
65808;7483
66048;7496
65880;7497
65405;7508
65109;7512
65403;7516
64477;7521
66741;7525
64940;7528
65559;7530
66829;7531
66811;7536
65231;7537
64963;7550
64715;7554
64335;7558
66106;7562
66237;7565
65545;7576
64826;7583
66559;7598
65349;7602
65688;7607
64731;7629
66210;7655
65591;7678
66359;7700
64673;7722
65554;7730
66830;7731
66230;7746
64364;7783
64808;7799
65975;7808
66349;7809
65356;7821
64338;7824
64364;7844
65747;7884
65188;7886
65999;7894
65731;7904
65717;7905
64782;7908
66770;7934
64493;7934
64841;7944
65026;7950
66504;7963
66121;7976
65390;7992
66852;8002
64759;8015
65998;8016
66448;8017
64810;8018
65272;8030
66260;8050
65260;8055
65531;8071
64939;8075
64685;8097
64338;8108
66146;8110
65823;8131
65014;8132
64341;8152
65416;8166
64472;8176
66041;8226
65565;8238
66631;8256
66495;8258
64868;8266
65406;8311
65283;8340
65255;8346
65447;8380
65807;8381
65516;8400
65535;8436
65934;8444
64695;8454
66485;8468
66598;8470
65704;8470
65490;8482
65588;8520
64833;8523
66230;8527
64351;8564
65497;8700
66343;8716
64533;8721
64523;8736
65037;8746
66873;8771
66825;8809
66620;8823
65387;8826
65454;8832
65464;8834
65617;8855
64364;8871
65762;8896
65481;8943
64655;9005
66817;9019
65982;9049
64500;9056
65627;9061
64723;9082
65968;9093
66549;9094
66457;9094
64510;9100
65415;9102
64982;9111
65657;9122
64754;9142
65640;9167
64891;9184
65369;9196
65321;9207
66441;9232
66600;9256
66229;9269
65557;9283
64589;9293
64909;9294
64404;9301
66013;9353
66239;9312
65400;9323
64701;9344
65053;9360
64364;9396
66337;9399
66800;9403
66725;9405
64398;9415
65838;9416
65313;9424
65412;9428
66775;9451
65853;9468
64315;9487
65058;9495
64872;9500
66701;9503
64769;9521
65225;9531
65739;9536
66869;9560
64667;9561
64817;9564
66514;9567
65087;9598
65376;9633
65879;9659
64486;9660
64797;9662
65114;9665
65179;9671
65422;9694
64832;9700
64933;9711
65878;9716
65506;9718
66669;9732
64789;9733
66759;9742
65666;9742
64430;9766
65359;9774
64471;9786
66733;9802
66846;9803
65647;9805
65505;9809
65968;9918
66273;9828
64903;9836
64370;9844
66684;9845
66293;9858
64308;9881
64880;9885
65583;9897
65265;9900
65596;9913
66755;9940
65455;9940
66176;9944
65398;9952
66639;9960
66833;9971
66441;9975
66255;10007
64677;10016
66782;10017
65798;10034
66504;58903
66571;10058
65130;10115
66137;10123
66077;10125
66373;10139
66647;10145
65575;10146
66021;10150
65112;10155
65334;10163
65953;10167
64326;10170
66413;10195
65259;10196
66652;10225
64777;10228
66300;10260
64628;10267
65952;10296
66211;10336
66247;10340
65717;10372
65285;10381
66110;10390
66025;10451
66763;10454
65705;10461
65338;10482
64392;10486
64826;10491
66164;10510
66542;10539
64513;10564
65120;10577
64806;10581
66640;10589
66090;10589
65688;10606
65143;10607
65622;10610
64856;10615
65303;10619
66529;10621
66567;10635
66199;10636
65776;10639
64676;10641
65447;10644
65804;10648
65569;10657
65788;10685
66434;10693
64959;10707
66308;10711
65123;10741
66539;10748
66575;10751
66537;10773
65601;10777
65752;10782
65623;10782
66230;10788
65839;10789
64540;10791
65213;10797
66267;10799
66008;10800
64886;10808
66492;10859
65609;10870
64320;10875
64877;10893
64709;10916
66051;10938
65037;10963
65208;10967
64999;10967
64974;10976
66419;11002
65024;11003
65432;11005
65496;11010
65339;11032
66846;11034
66662;11040
64780;11046
65744;11047
65950;11050
65407;11051
65942;11057
65448;11062
66670;11072
65896;11072
65917;11080
66459;11085
64857;11085
64481;11094
65116;11115
65384;11135
66756;11138
64833;11158
65808;11170
65919;11174
65932;11177
66756;11184
64668;11185
66543;11197
65676;11208
65721;11214
64936;11219
64934;11227
64806;11233
64902;11247
65797;11261
66452;11262
65924;11263
66318;11273
65925;11280
64547;11313
64755;11334
65667;11337
66145;11342
66049;11365
65449;11368
64643;11381
65658;11391
65643;11392
65209;11396
65292;11639
65333;11414
65315;11433
66096;11450
66029;11452
64862;11467
66607;11486
65013;11511
66407;11518
64851;11526
65730;11537
64723;11543
65627;11549
66629;11551
66770;11556
64493;11556
66088;11574
65705;11591
65356;11597
66455;11598
65928;11606
66343;11609
64518;11641
65640;11649
64523;11664
66829;11694
66878;11728
64685;11747
64399;11759
65705;11771
65983;11803
64667;11814
66091;11840
65780;11847
65990;11850
65181;11853
66237;11856
65237;11887
65343;11906
64306;11909
65864;11924
65442;11925
65502;11954
66172;11956
66552;11963
65795;11971
65693;11975
65302;12006
66669;12007
65620;12010
66176;12036
65016;12042
65596;12049
66628;12062
65134;12063
65265;12072
66253;12074
66488;12078
64780;12095
64956;12114
65396;12121
65960;12131
64338;12156
65110;12162
65119;12173
65492;12198
65930;12213
64341;12229
66755;12242
65455;12242
65797;12243
66267;12258
64970;12265
66255;12269
64376;12270
65313;12272
65734;12303
66129;12320
64958;12342
65986;12348
66350;12368
65711;12370
66870;12392
65225;12429
66788;12436
66043;12436
65703;12444
65460;12455
66680;12458
65359;12467
64471;12469
64756;12484
65073;12507
65708;12509
65221;12519
65222;12562
66041;12572
64431;12574
66551;12605
66456;12605
65565;12612
65657;12629
65976;12630
65272;12636
65501;12644
66159;12686
66624;12687
65077;12695
65321;12700
65686;12704
66767;12714
64316;12720
65357;12736
66024;12743
64992;12746
65909;12755
65551;12758
65786;12763
64655;12777
65686;12784
65023;12808
65747;12825
65390;12863
65754;12875
65692;12877
64782;12892
66388;12896
64613;12898
66857;12899
65471;12927
65687;12931
64342;12960
66011;12965
66812;12970
65301;12977
64993;12987
64553;12991
64310;13008
65647;13038
66033;13052
65634;13063
66584;13064
66230;13073
65077;13074
66239;13096
64510;13102
66677;13108
65415;13120
64516;13126
65972;13128
66358;13142
65464;13170
65664;13183
65481;13187
66261;13191
64415;13220
66649;13222
66054;13261
65814;13262
65392;13276
64850;13318
64856;13319
65689;13320
66307;13330
64961;13334
64823;13357
66528;13380
66077;13394
64551;13398
65175;13433
66652;13437
64566;13442
65182;13445
64936;13456
65011;13463
65809;13484
66088;13485
64643;13505
64770;13511
65804;13515
65659;13518
65521;13521
65120;13562
65024;13585
64391;13595
66180;13604
66186;13623
65588;13650
64760;13680
65490;13681
65438;13697
65289;13701
65334;13707
64972;13717
65043;13724
65218;13728
64366;13731
66537;13737
66273;13742
64460;13745
66454;13755
65112;13771
64341;13772
64325;13786
66217;13794
65081;13803
64777;13808
64541;13813
66300;13814
66410;13820
65208;13835
64999;13835
65474;13843
65505;13848
66796;13870
64380;13877
66336;13879
65881;13882
66724;13893
64364;13908
65874;13911
66580;13939
65844;13945
65582;13949
66800;13951
66772;13970
66224;13976
65721;13977
65400;13992
65968;14014
66135;14018
65676;14068
66011;14070
65364;14084
65338;14107
65387;14117
65757;14125
65998;14138
65077;14142
66102;14164
65797;14199
65602;14215
65691;14219
66370;14221
66503;14235
65983;14243
66742;14267
66137;14273
65472;14296
66291;14307
64629;14312
66113;14323
66553;14333
64335;14342
64688;14350
66484;14366
66014;14367
65194;14373
66339;14377
66390;14382
65795;14384
64499;14396
64877;14398
65445;14418
65419;14428
65688;14445
65705;14457
66754;14458
66476;14459
66793;14470
65203;14503
65215;14521
64797;14532
65808;14533
64484;14539
65603;14559
65155;14570
66452;14599
65400;14622
64789;14635
64934;14637
64715;14654
65262;14662
66237;14678
65426;14732
65429;14734
65258;14751
65017;14755
66454;14777
66598;14780
65821;14782
66630;14783
65267;14797
65827;14801
64979;14816
65527;14824
64409;14827
66600;14860
65663;14913
65823;14918
65045;14934
66676;14937
66211;14939
65569;14955
64919;14960
64701;14977
66440;14998
65555;15002
65874;15006
64584;15071
66647;15078
65741;15099
65419;15104
66786;15105
65334;15111
65605;15113
65440;15116
65143;15116
66075;15130
65587;15159
66653;15160
66616;15191
65649;15193
64792;15202
66534;15207
65390;15216
65424;15241
64734;15246
66647;15253
64652;15254
65951;15256
65055;15257
64607;15271
65504;15292
65996;15293
65094;15299
64619;15307
66199;15315
64553;15324
64817;15348
66575;15349
65690;15354
65482;15369
65387;15372
66389;15381
65419;15383
65405;15384
66227;15386
66790;15404
66374;15429
64658;15449
66501;15458
64837;15459
65420;15472
65557;15501
66878;15517
64372;15572
66172;15582
64851;15586
66569;15624
65413;15626
65823;15631
65590;15636
65598;15661
66875;15734
65711;15739
64834;15779
64909;15794
65400;15805
66217;15830
64703;15832
65605;15843
65535;15845
65950;15846
66543;15849
65381;15864
66434;15865
66844;15866
65423;15942
65123;15944
64360;15975
65042;15987
64579;16020
64659;16058
66166;16071
64404;16086
65406;16091
66379;16133
65599;16136
65588;16136
66253;16150
64821;16151
64977;16159
65210;16182
65043;16190
65650;16208
64802;16221
64780;16227
65988;16233
65655;16238
65808;16244
65050;16262
64766;16266
64425;16268
65883;16281
66550;16298
65596;16310
65655;16341
64380;16350
65210;16352
65505;16355
65138;16361
66723;16370
66474;16370
66176;16373
64337;16378
65208;16384
64999;16384
65707;16389
65820;16393
65359;16422
64688;16434
65017;16438
64919;16446
65534;16464
65535;16476
64698;16671
65872;16515
66366;16526
65104;16545
65884;16549
64652;16554
65235;16560
65818;16589
65808;16605
64393;16608
65346;16614
65188;16617
66009;16640
65289;16649
64609;16691
65723;16707
65237;16718
66387;16722
65985;16726
65165;16728
65206;16736
65252;16753
65643;16758
65925;16760
65314;16767
66096;16781
66168;16804
65400;16839
65788;16849
64655;16857
66172;16889
66397;16908
66447;16915
66242;16929
66726;16937
65762;16954
64538;16963
64381;16970
64306;16970
65676;16976
65702;16978
65260;16979
65864;16985
65099;16988
65374;17003
65717;17012
65390;17024
66086;17038
65022;17044
65940;17045
64985;17046
64620;17047
65260;17048
65554;17050
65431;17063
66295;17073
64577;17084
65237;17086
64999;17091
66066;17103
64572;17115
64674;17132
65489;17156
65502;17158
66821;17161
66320;17177
66833;17178
65127;17194
64823;17204
65070;17207
65334;17220
66181;17235
65743;17237
66858;17244
64643;17251
65941;17253
64899;17256
64602;17286
66615;17298
65337;17307
65314;17319
64364;17322
64851;17323
65452;17324
64701;17327
64364;17332
65112;17341
65907;17399
65677;17352
65938;17354
64996;17355
65947;17377
66828;17388
66240;17406
65048;17416
65783;17425
64389;17443
65435;17445
64458;17467
65615;17483
66691;17488
64767;17517
65762;17518
65132;17519
64876;17526
66117;17532
65664;17572
65056;17584
66860;17598
65521;17629
65565;17633
65059;17654
66217;17655
64415;17689
64474;17690
65647;17720
64758;17721
64743;17725
65656;17737
66121;17751
64297;17778
65608;17781
66645;17786
66671;17788
65714;17805
66230;17827
65696;17859
65378;17860
64344;17869
65435;17879
65443;17927
64905;17932
65763;17948
66328;17952
65497;17978
64617;17979
66008;17991
65381;18016
66025;18029
66186;18034
66247;18057
66544;18076
65805;18107
64951;18119
66799;18136
66016;18136
64765;18141
65082;18150
66865;18154
64723;18177
64295;18205
65815;18238
65501;18256
65968;18263
66166;18267
66818;18272
66688;18276
65785;18279
66459;18280
64857;18280
64633;18299
66533;18320
66593;18321
66287;18327
66764;18329
65479;18329
64836;18345
65985;19307
65592;18373
65795;18374
65985;18377
65293;18390
64538;18400
66556;18402
65300;18406
66461;18409
65983;18412
66296;18421
65686;18433
65723;18437
64776;18449
66237;18456
66246;18477
66712;18512
65505;18543
65421;18544
64380;18552
64758;18562
66790;18566
65670;18591
65651;18613
64628;18615
66492;18619
66305;18620
64525;18624
66640;18634
66090;18634
65585;18641
64790;18645
64497;18660
64324;18662
66218;18672
66509;18685
65911;18700
64713;18701
65447;18710
64886;18714
66604;18731
64463;18734
66099;18738
65137;18748
64721;18769
65834;18780
64536;18803
66261;18813
65390;18838
64821;18859
65575;18862
66008;18900
66478;18914
65367;18927
64830;18931
65352;18940
65505;18956
65430;18976
66746;18979
65219;18980
65626;18982
66316;18993
65806;18994
65724;19006
66686;19022
65591;19027
65979;19056
65964;19063
65273;19065
66391;19084
64707;19111
64876;19157
65565;19161
64819;19177
65717;19182
66783;19183
66495;19185
65975;19202
66235;19204
65711;19212
64603;19229
64456;19246
64314;19268
65727;19275
66566;19284
66204;19347
65734;19357
66784;19396
64318;19399
65557;19416
66147;19442
66113;19457
65578;19466
65891;19467
64682;19480
66121;19489
64376;19497
64325;19505
65925;19508
64948;19514
64926;19535
65719;19557
66740;19595
65094;19617
66412;19629
65169;19659
65215;19660
66790;19669
65676;19686
65205;19699
65170;19716
65806;19720
65400;19733
64633;19739
64717;19748
65684;19777
65904;19780
66454;19788
66129;19801
65081;19809
65864;19812
65752;19815
65623;19815
65267;19838
66839;19845
65683;19868
66698;19869
64647;19885
66032;19888
66013;19892
65935;19905
66172;19922
65968;19928
65972;19934
65968;19949
64706;19950
65269;19956
64568;19967
65759;19973
64587;19993
65334;20022
66135;20027
65752;20029
65623;20029
65068;20031
64476;20045
64355;20057
65339;20075
64326;20122
65776;20143
64814;20152
64617;20192
65166;20197
66663;20202
65406;20212
65474;20218
65554;20234
66364;20239
64404;20257
64364;20261
66217;20277
64425;20278
66149;20295
65968;20306
65721;20313
65055;20321
65521;20323
64336;20325
65596;20346
66060;20353
65655;20360
66384;20387
64550;20398
66176;20420
64590;20422
65578;20450
65108;20457
64504;20462
65799;20484
65359;20499
65462;20500
65155;20501
65222;20502
65488;20531
64717;20532
64792;20545
65396;20551
65376;20554
64743;20582
66632;20587
65705;20605
65186;20610
66242;20628
66444;20644
66451;20659
64556;20659
65932;20663
65546;20665
65767;20686
64412;20706
65942;20707
66162;20734
65703;20741
65941;20794
66087;20918
65955;20946
65017;20969
65463;20974
66041;20976
65388;20987
66708;21006
66137;21016
66007;21032
64996;21033
66478;21036
65429;21040
64848;21051
65323;21053
66006;21064
66828;21086
64690;21091
66061;21096
65247;21111
66460;21132
64854;21132
66768;21139
65215;21150
65168;21159
65104;21165
65260;21180
65808;21212
65849;21215
64288;21227
65547;21228
65925;21240
66200;21241
65277;21274
65797;21283
65236;21297
62980;21299
66713;21310
65300;21313
64635;21339
66065;21368
65252;21426
65578;21433
64702;21440
65332;21456
66178;21463
64652;21466
65841;21479
64851;21490
66601;21493
66878;21510
65762;21538
65702;21548
64767;21549
66305;21552
65651;21553
65252;21559
65797;21566
66564;21601
65714;21608
65396;21616
65615;21620
64897;21625
64510;21640
65356;21650
65059;21693
64914;21696
65443;21731
65766;21734
64877;21745
66690;21746
66814;21747
66502;21753
65872;21765
66054;21781
65856;21788
65662;21795
65881;21804
65140;21817
66099;21824
64955;21831
64354;21843
64781;21852
66329;21863
65396;21904
65598;21924
64370;21930
66842;21931
66011;21949
66375;21950
66586;21957
66485;22007
66175;22011
64659;22015
66067;22049
65975;22066
66289;22069
65481;22072
65967;22075
66569;22088
66622;22097
66633;22118
65767;22121
66537;22134
66056;22136
64443;22137
65336;22162
65468;22173
64395;22177
65987;22187
65996;22251
66468;22255
66799;22278
66016;22278
66844;22282
66822;22286
66843;22306
65983;22326
66858;22339
64923;22341
64645;22361
66407;22383
66460;22385
64854;22385
66806;22398
65795;22400
66242;22421
64833;22436
65428;22457
66113;22466
64892;22470
65797;22471
64700;22473
64837;22492
65977;22495
65639;22505
65298;22512
66693;22518
66138;22518
66479;22538
66218;22543
66008;22550
65002;22566
64524;22578
65535;22590
64364;22609
64789;22612
65626;22618
66695;22628
64543;22665
65042;22667
64797;22683
64753;22702
66868;22728
65830;22732
65289;22734
65208;22735
64999;22735
66522;22757
64331;22787
64780;22806
64429;22808
65585;22834
65968;22840
64977;22842
66605;22854
65372;22888
65389;22893
65028;22915
66034;22916
65099;22925
65676;22933
66261;22936
66750;22944
64349;22952
64550;22956
66410;22977
65840;22988
66656;22995
65670;23003
64649;23017
64446;23040
66506;23044
66638;23053
65225;23062
66227;23069
65794;23074
65717;23083
66548;23085
64548;23085
65646;23138
66286;23141
65361;23145
65472;23179
65500;23183
66814;23192
65606;23196
64387;23198
64983;23210
66099;23226
65691;23227
64377;23229
64647;23231
65041;23241
65797;23243
64446;23246
64957;23252
65398;23259
65698;23264
64876;23295
64897;23315
66275;23318
65762;23321
65380;23333
65714;23338
65514;23372
66550;23392
65151;23395
65793;23433
66294;23442
64377;23451
64298;23473
65760;23478
65578;23490
65860;23492
66008;23496
64513;23501
65598;23522
64928;23539
65744;23544
65273;23572
66846;23578
65664;23579
64770;23586
64732;23612
65192;23614
65188;23615
64605;23623
64572;23630
65480;23643
65978;23651
64761;23654
66851;23658
65339;23664
66240;23669
65314;23673
66447;23681
65502;23700
65878;23707
65779;23708
64633;23720
65235;23724
64360;23736
66545;23748
65660;23787
65849;23802
65948;23814
64720;23826
65267;23836
66543;23837
65081;23845
65864;23846
64989;23855
65774;23880
66021;23892
65146;23900
66412;23915
65070;23933
65841;23942
64823;23958
66406;23961
65900;23982
66507;23987
65536;24023
65674;24025
64599;24037
66032;24041
65261;24052
66733;24083
66069;24084
66246;24092
65978;24144
66865;24165
65218;24172
64411;24183
66217;24184
65984;24185
66026;24186
66878;24195
64684;24210
65494;24213
65323;24263
64633;24270
66015;24273
64488;24281
65186;24287
66085;24293
65020;24298
66654;24304
64973;24307
64860;24318
65389;24327
65818;24336
64396;24346
66252;24347
66243;24351
64619;24355
65303;24365
64536;24370
65297;24385
64364;24388
65390;24396
65297;24403
66031;24417
64574;24425
65444;24432
65968;24457
66787;24471
64948;24475
64670;24484
65006;24486
65022;24496
66346;24521
65533;24526
66025;24527
64743;24532
65400;24550
65683;24560
65931;24562
66572;24601
65676;24612
65676;24642
64405;24676
64839;24687
66756;24710
66560;24730
65293;24731
66227;24758
66433;24780
65785;24790
66579;24793
64375;24815
66172;24850
66087;24858
65805;24887
65093;24891
65773;24893
66759;24899
65666;24899
66331;24964
63544;24969
65952;24975
66519;24983
66635;24987
65918;25011
66175;25020
66470;25046
64667;25088
65578;25095
64525;25098
64851;25130
65655;25137
66261;25158
65808;25170
66499;25176
65938;25204
66306;25212
66576;25213
65348;25285
66092;25300
66316;25321
64697;25321
65362;25323
66437;25338
66087;25355
66833;25356
65995;25389
66346;25397
66785;25398
65331;25399
64404;25418
66432;25420
66176;25432
65170;25439
65654;25487
65528;25507
65565;25510
65520;25526
66262;25527
65472;25533
65947;25538
66659;25542
65030;25659
65104;25579
66263;25584
65129;25596
66545;25607
65564;25611
64349;25625
66786;25638
66771;25640
64520;25640
66061;25643
65157;25671
66570;25688
65542;25696
65042;25705
64344;25706
64789;25740
65903;25744
65686;25769
64894;25773
65434;25783
66868;25818
64864;25824
64804;25828
65127;25851
65426;25873
65743;25879
65618;25891
65497;25911
66614;25914
65446;25917
65112;25922
66299;25928
65968;25978
64364;25983
64288;25983
65806;25998
65011;26010
65939;26011
65260;26015
66096;26023
65554;26027
66165;26049
65797;26051
64957;26053
65056;26054
66099;26071
65928;26086
65120;26088
66728;26092
65526;26092
66217;26112
65987;26115
65131;26120
65817;26146
65702;26151
65617;26157
65484;26180
66633;26186
65126;26193
64279;26209
65714;26225
64876;26248
65550;26283
66687;26318
66598;26324
66137;26334
65789;26336
64732;26383
65628;26392
65585;26405
65068;26447
65035;26450
66661;26466
64330;26468
64710;26469
64568;26484
66391;26486
65960;26504
66398;26541
65629;26548
65751;26578
66201;26581
66227;26611
64461;26612
66530;26629
65002;26636
66186;26657
66878;26664
66784;26668
66780;26676
64370;26676
65596;26712
65702;26729
64897;26736
64653;26763
66690;26789
64764;26793
66381;26800
65865;26810
65599;26817
65588;26817
66121;26822
65630;26844
65594;26848
66367;26864
64364;26867
66636;26883
64535;26885
64452;26888
65606;26890
65202;26905
65836;26912
65294;26917
65404;26920
65124;26969
66586;26997
65519;27007
64997;27016
64758;27021
65458;27038
66791;27051
66094;27053
65834;27057
65606;27063
65434;27084
64821;27113
66846;27116
66140;27119
64698;27132
65188;27149
66077;27184
64711;27187
64364;27201
64573;27205
66797;27221
65334;27233
65229;27235
66756;27237
64851;27271
65973;27274
66376;27277
65966;27287
65193;27293
64645;27301
65400;27315
66079;27319
66824;27364
64490;27370
66055;27390
65388;27398
66035;27404
65653;27408
66693;27415
66138;27415
65590;27429
65226;27443
66722;27456
65078;27459
65999;27463
65096;27466
66270;27473
65359;27479
66586;27484
65793;27499
64299;27500
65966;27509
66398;27511
65236;27514
66377;27535
66140;27536
66218;27541
66286;27553
65519;27558
65572;27585
66638;27588
64363;27596
65288;27597
66726;27618
66507;27627
64281;27642
65589;27654
64839;27655
64719;27664
64702;27670
66239;27671
64288;27688
64946;27692
65072;27706
65867;27707
66831;27725
65676;27749
64432;27768
65937;27780
65027;27782
65479;27785
66179;27788
66699;27826
64849;27834
65837;27847
66460;27861
64854;27861
65792;27867
65296;27873
65821;27902
65773;27928
64833;27932
66137;27960
65146;27983
64673;27988
66453;28010
64718;28010
64716;28010
64572;28027
66641;28046
65937;28053
65301;28059
64411;28070
66443;28073
65968;28075
66485;28080
66546;28103
65846;28116
66454;28121
65902;28137
65914;28140
64599;28181
66474;28184
65257;28189
65996;28210
65335;28211
66733;28212
65789;28232
65825;28237
65188;28281
65818;28298
66662;28324
64652;28325
65967;28333
64569;28334
64867;28337
66060;28339
65941;28368
66865;28372
64798;28384
64287;28409
66569;28436
66408;28439
64958;28440
66566;28442
66872;28445
66828;28454
64521;28470
66242;28487
65110;28508
64996;28516
65963;28517
66240;28529
66512;28537
66255;28538
65236;28541
65647;28546
65790;28553
66064;28554
65230;28576
66488;28622
64709;28625
65311;28626
66755;28642
65927;28673
64572;28674
65263;28690
66543;28695
65661;28714
65335;28721
65941;28738
66492;28746
66761;28749
65459;28749
65691;28757
65890;28762
64400;28764
66516;28767
65055;28793
64428;28795
66547;28832
66482;28832
66532;28835
65174;28852
65457;28871
66116;28872
64702;28881
66700;28896
65402;28897
65686;28907
65959;28913
66166;28914
64656;28919
66412;28921
64300;28936
65190;28940
65979;28961
65740;28962
64875;28965
65891;29040
66115;29048
64428;29071
65224;29086
66846;29111
64397;29117
66223;29128
66578;29129
66009;29139
65910;29144
65344;29159
64925;29187
64379;29194
66021;29223
64956;29231
65286;29246
65001;29254
65983;29259
65528;29272
66195;29278
66640;29281
66090;29281
65344;29287
65862;29294
65538;29300
65042;29310
64376;29318
66560;29332
66203;29341
65598;29345
65835;29360
65217;29382
64341;29392
64525;29421
65656;29447
66790;29453
64394;29472
65450;29473
65653;29482
65160;29505
65109;29507
66531;29510
65868;29529
66542;29534
65104;29565
66234;29568
65806;29607
66352;29609
65127;29627
64772;29644
66298;29662
65104;29681
65042;29699
65548;29701
64660;29706
65378;29707
65655;29719
66261;29753
66657;29763
66648;29770
64446;29789
65438;29795
65857;29816
65858;29841
64851;29845
66541;29900
66501;29902
64422;29924
66877;29937
65150;29973
65426;29992
64330;29993
66493;30004
64532;30006
64811;30008
66715;30024
66586;30057
64833;30060
65550;30070
66008;30074
66175;30081
66577;30105
66175;30109
65066;30112
65836;30125
66255;30130
64710;30132
66512;30134
66192;30153
66617;30154
65813;30164
65084;30169
65906;30173
64824;30194
65419;30199
65883;30215
65324;30232
65042;30234
66144;30237
64559;30291
65705;30308
64578;30311
65850;30320
66745;30328
65651;30342
66306;30351
66569;30352
65093;30353
65427;30354
65903;30362
65619;30370
66365;30374
65075;30387
65449;30401
66814;30402
66705;30403
64619;30408
66379;30421
66238;30443
65112;30450
65856;30453
65055;30459
66367;30494
64497;30508
66846;30533
65260;30543
64568;30547
64761;30593
65794;30619
66793;30659
64892;30681
65396;30689
66564;30693
64942;30724
65387;30740
66784;30751
65800;30752
65776;30757
65002;30786
66550;30796
64387;30829
66088;30841
65551;30871
65645;30883
65691;30910
65013;30920
65773;30927
65044;30933
64968;30941
64667;30942
66427;30945
65427;30954
64898;30957
65291;30995
66773;31001
66595;31026
64660;31043
66140;31049
64550;31058
65323;31059
65187;31063
66094;31097
66428;31098
65438;31162
64798;31130
66523;31136
65447;31144
65608;31152
65944;31153
66303;31187
65162;31194
64768;31205
66405;31215
66324;31226
65216;31243
64981;31263
65748;31282
64867;31294
66314;31304
65077;31314
66226;31331
64860;31339
65873;31346
65077;31349
64940;31363
64622;31374
66617;31376
64940;31397
65789;31400
64878;31402
64911;31405
65686;31408
65922;31415
66421;31434
64906;31460
65820;31482
64899;31483
66666;31498
66002;31498
65625;31525
66026;31537
65686;31551
64293;31566
66206;31579
65021;31579
66768;31583
65263;31621
65212;31638
65619;31642
64798;31643
65984;31644
65430;31655
65726;31667
65458;31672
65236;31684
66008;31701
64719;31702
66602;31712
66674;31748
66764;31749
65479;31749
65242;31758
64445;31777
64533;31786
65213;31788
63544;31811
65589;31827
65165;31833
64861;31846
64930;31858
66041;31860
66035;31877
66218;31887
65186;31893
65357;31906
65481;31913
65229;31925
65608;31956
66773;31979
64930;31988
65425;31991
65554;31992
66794;32037
64545;32046
66283;32052
64533;32070
66151;32082
65000;32117
64548;32120
66096;32139
66535;32142
66226;32166
65502;32204
64440;32216
64442;32239
66230;32248
64285;32262
65938;32264
66797;32269
66650;32293
65171;32307
65813;32308
65389;32328
64782;32376
64341;32378
64436;32383
64399;32390
64521;32392
65749;32398
64393;32409
66131;32435
65688;32438
65723;32454
65875;32456
66412;32460
65662;32462
65678;32479
64293;32482
64605;32485
65190;32500
65031;32505
65029;32508
64739;32513
64871;32519
65964;32528
65296;32535
64893;32546
65630;32555
65520;32559
65957;32564
64645;32567
66807;32573
64720;32576
66453;32585
64718;32585
64716;32585
66805;32590
65705;32592
64794;32604
65449;32606
66316;32610
65686;32616
65979;32659
66583;32670
64785;32685
66409;32690
66729;32700
64954;32704
66522;32706
65653;32713
64492;32723
64670;32725
66836;32742
64934;32765
65402;32767
64971;32783
65581;32788
66085;32794
65443;32805
66121;32842
66004;32845
65446;32848
65200;32864
65978;32881
66172;32886
66162;32915
65386;32918
65797;32933
65230;32940
66573;32946
66218;32997
65295;33002
66346;33003
64931;33031
66681;33036
65941;33047
65125;33053
66234;33067
65662;33075
66840;33078
65331;33085
65098;33089
64611;33099
66069;33104
65821;33126
65795;33143
65296;33146
65775;33159
66012;33164
64376;33202
65118;33211
64682;33212
65379;33225
64651;33226
65438;33227
64419;33233
64717;33241
65691;33253
64293;33263
65619;33280
65503;33292
65965;33311
65263;33312
65983;33335
65098;33340
65686;33356
65249;33372
66697;33382
65431;33383
65573;33393
65400;33395
66132;33399
65334;33408
65276;33410
64741;33457
65646;33459
66212;33467
65270;33502
65148;33521
65848;33531
66561;33582
65803;33587
65077;33615
65866;33621
66121;33628
65357;33643
64565;33645
65612;33650
66157;33666
66837;33674
65937;33675
65653;33682
64987;33685
65334;33686
66152;33696
64478;33700
65677;33711
65171;33723
64646;33728
65706;33734
66096;33735
65895;33763
65808;33779
64288;33798
66402;33802
66521;33863
66325;33895
64803;33921
64637;33931
66096;33968
64590;33969
65187;33973
64941;33976
66429;33981
65692;33998
66094;34008
64925;34024
65549;34046
66804;34050
64904;34051
65969;34052
65310;34053
65808;34059
66513;34060
65743;34075
64523;34097
66774;34109
66218;34116
64638;34134
66213;34169
66826;34177
64384;34201
65482;34206
66446;34209
66833;34211
64995;34236
64288;34277
65013;34285
64658;34304
65860;34307
66333;34309
65316;34334
64911;34349
65185;34356
66338;34385
66154;34392
65477;34397
66029;34423
65988;34444
64837;34485
64936;34489
66096;34500
65507;34516
66660;34525
65368;34531
66569;34568
66242;34613
65972;34616
65675;34618
65863;34639
66845;34645
65361;34713
64560;34723
66766;34738
64842;34742
65731;34749
65533;34775
66526;34778
66760;34786
65680;34798
64845;34803
66140;34813
65039;34830
66459;34848
64857;34848
64793;34870
65758;34877
64906;34895
65042;34911
64827;34918
65765;34919
64318;34927
66536;34941
66209;34948
64860;34956
65808;34963
66617;34992
65677;34996
65400;34997
66239;35019
64341;35052
64434;35054
65731;35060
66726;35066
64561;35088
65183;35095
66871;35108
65797;35109
64841;35136
65779;35138
64823;35143
64599;35145
66735;35150
66779;35156
65820;35161
66465;35174
65806;35175
64698;35214
64924;35236
64628;35238
66756;35239
65323;35240
65072;35242
66217;35257
65912;35300
64657;35308
64770;35316
64634;35320
63590;35342
66615;35356
65744;35369
64717;35392
65712;35393
64811;35405
65432;35417
66694;35423
65958;35423
65903;35439
66034;35464
65377;35467
65013;35475
65804;35477
65758;35512
66564;35513
66612;35528
65336;35542
66466;35548
65472;35560
65771;35566
64278;35571
66449;35575
66074;35584
66849;35591
64792;35597
65274;35612
64845;35613
65993;35625
64273;35632
64763;35653
66392;35671
65874;35672
65281;35685
66499;35686
66399;35702
65920;35704
65099;35709
65112;35733
66176;35745
66675;35774
65717;35783
65375;35784
65173;35789
66223;35795
65593;35797
65849;35806
66592;35846
66490;35866
65874;35870
65362;35873
65522;35879
66120;35889
64833;35898
64286;35928
65963;35939
64438;35942
64477;35968
66060;35971
65983;35985
65282;35993
66357;35995
64334;36029
65551;36031
66096;36035
65261;36039
64548;36058
66453;36065
65591;36122
65903;36145
66382;36180
66618;36190
65303;36215
66385;36224
65497;36227
65103;36253
65334;36285
66068;36300
65355;36309
65478;36325
66099;36351
65569;36356
64414;36357
65113;36368
65692;36379
64840;36381
66478;36408
64560;36442
65682;36459
66817;36468
65567;36483
66569;36487
64378;36498
66818;36516
64334;36520
65451;36526
65403;36534
66157;36535
64291;36553
65591;36556
65116;36573
66581;36626
66064;36634
64674;36636
66003;36651
64364;36657
64816;36692
66788;36700
66043;36700
65698;36719
66277;36721
64397;36734
66028;36759
65502;36763
65438;36805
65819;36823
64726;36854
66483;36870
65652;36880
65387;36904
66176;36908
64494;36909
64887;36925
65181;36931
65467;36946
64319;36951
65528;36960
65469;37434
65796;36978
65100;36992
64371;36997
65396;37002
65446;37006
65286;37010
65470;37012
65260;37019
66121;37040
64376;37052
66446;37074
65198;37079
65077;37081
66157;37099
65603;37101
64870;37108
66730;37110
66248;37111
64436;37118
64623;37122
65502;37127
66132;37148
65438;37151
66777;37169
65476;37175
66464;37177
66230;37178
65855;37180
66347;37210
64341;37223
64289;37229
65015;37267
66710;37279
66718;37298
65326;37298
66069;37308
64852;37313
66245;37327
66540;37360
66814;37365
64689;37369
65596;37398
66038;37399
64883;37421
64984;37442
64582;37449
65825;37455
65497;37461
66587;37466
65418;37473
65263;37489
65675;37533
66064;37539
65074;37546
65966;37551
65752;37571
65623;37571
66041;37579
65020;37596
66231;37613
66040;37617
66629;37625
64714;37637
65614;37640
65639;37656
65668;37659
65085;37709
64340;37733
66621;37737
66303;37760
65740;37778
65674;37785
64608;37795
65959;37808
65659;37817
65286;37824
66838;37825
65867;37840
65030;37846
65276;37847
64286;37866
66764;37881
65479;37881
65086;37886
65109;37901
64828;37903
65898;37907
64327;37926
64450;37927
65677;37929
65686;37948
64808;37969
65187;37976
65113;37991
66517;37993
66326;37996
64815;38003
65939;38010
65410;38014
65968;38016
66472;38040
64549;38055
64945;38063
65888;38068
64581;38085
65825;38090
64852;38113
64960;38123
65978;38126
65125;38128
65110;38154
65056;38155
65848;38174
66060;38187
65941;38222
64512;38225
66284;38227
65777;38245
64803;38257
65556;38262
64741;38274
64558;38281
64994;38286
64851;38300
65176;38324
65738;38345
66467;38357
65822;38360
64939;38361
66057;38363
65871;38384
65118;38388
64954;38394
64736;38397
64740;38408
65676;38413
65095;38416
64488;38419
64590;38426
65039;38433
65042;38441
65686;38451
64892;38463
64601;38479
65903;38480
64913;38493
65816;38499
66664;38503
64863;38524
64648;38550
66183;38552
66647;38559
64531;38568
64416;38569
64807;38583
66664;38589
66617;38600
66446;38607
66569;38621
65764;38622
64533;38644
66326;38662
64503;38666
65743;38667
66069;38674
65859;38682
65679;38695
64796;38709
65730;38752
65270;38762
66848;38770
65061;38776
64760;38782
66141;38817
64339;38844
65375;38848
65686;38859
66167;38869
65331;38886
64672;38889
66617;38893
66837;38899
66143;38918
64309;38934
64658;38942
65880;38957
65922;38965
64290;38983
66644;38988
65789;38995
65851;38998
66739;39003
64274;39005
64838;39042
65707;39071
66585;39073
66499;39080
64382;39097
65020;39101
65391;39116
65354;39120
65472;39133
64663;39158
66649;39179
64759;39195
65274;39230
64809;39232
65920;39238
65172;39239
66323;39290
65236;39312
65593;39323
66237;39328
64341;39342
64709;39349
65307;39354
66096;39356
66506;39373
65025;39389
66646;39392
66070;39402
65744;39421
65290;39425
65613;39441
65880;39445
65539;39455
64816;39501
64341;39508
64896;39514
64940;39560
65849;39611
65103;39613
66288;39615
66771;39617
66099;39631
64682;39662
65118;39663
65438;39678
64918;39688
65691;39702
66862;39705
65449;39711
66176;39716
66202;39718
64833;39732
66615;39746
64937;39763
64763;39807
64770;39817
65743;39820
65192;39821
66678;39825
66233;39830
65766;39845
65808;39867
64327;39888
64625;39891
65113;39903
65789;39925
65325;39926
64479;39938
66144;39954
64884;39983
66421;39992
65419;40001
64740;40015
65850;40024
64947;40031
65529;40052
66634;40061
65446;40084
64660;40093
65812;40100
66801;40181
65991;40181
65658;40189
66175;40190
66547;40194
66482;40194
65478;40198
65961;40212
65204;40212
65244;40221
65651;40257
66681;40260
65118;40279
66369;40280
65396;40288
65470;40321
64287;40337
66473;40346
64419;40355
66591;40381
65968;40382
66169;40390
66315;40398
65963;40408
64447;40419
65129;40424
65375;40427
66028;40475
65469;40480
66846;40489
65389;40502
66385;40508
65367;40514
66280;40515
64494;40516
66044;40547
64698;40587
65362;40594
65790;40598
64753;40604
66261;40622
66265;40647
66015;40671
66152;40672
64291;40684
65653;40690
66559;40702
65385;40704
66291;40722
65327;40724
65296;40742
65766;40747
66097;40753
64275;40760
65364;40764
65312;40778
66029;40784
65796;40787
65851;40796
66362;40803
66116;40807
65178;40814
65890;40824
66165;40831
65292;40838
65456;40845
65853;40858
65750;40901
65065;40901
65727;40904
65945;40913
64505;40919
64505;40941
64459;40942
64833;40960
66356;40995
65277;41035
65808;41039
64287;41062
65607;41089
65715;41097
66808;41101
65686;41116
65367;41120
66254;41397
66236;41397
65012;41153
66330;41169
66512;41200
66227;41214
64996;41218
64888;41235
66281;41238
65571;41240
65457;41257
64368;41271
66532;41282
66425;41295
65502;41325
64906;41335
64714;41345
64407;41353
65801;41356
66232;41367
65659;41377
66778;41382
66746;41388
65791;41388
66010;41400
64287;41403
64981;41404
66790;41406
64569;41448
65517;41465
66711;41467
64991;41468
65512;41511
66129;41521
64334;41522
65603;41539
65885;41544
66227;41549
65092;41566
66297;41582
65551;41586
65586;41593
65429;41595
64273;41605
65329;41635
65934;41636
66272;41639
65249;41648
65854;41650
64376;41655
66781;41664
65431;41666
65988;41700
64375;41701
65802;41707
65836;41708
66069;41710
66278;41717
64807;41720
65970;41724
65540;41748
66064;41761
65668;41764
65263;41765
66250;41772
65612;41772
65355;41774
66161;41778
65211;41779
64870;41791
65476;41806
64883;41811
65581;41816
66799;41819
66016;41819
64400;41826
64436;41830
65278;41848
65286;41856
66263;41872
65912;41914
65149;41957
65796;41959
66481;41979
64636;42333
66054;42068
66337;42075
65930;42087
65729;42091
64763;42114
66430;42135
65073;42145
65004;42148
66404;42149
64785;42175
65400;42186
66530;42192
65312;42197
65134;42209
65893;42229
64952;42237
66565;42245
65558;42272
64803;42289
65913;42296
64384;42303
64623;42304
66327;42315
66631;42331
64313;42332
65580;42342
64667;42356
66753;42359
64631;42376
65099;42384
66569;42402
64375;42420
65676;42467
66555;42482
65822;42489
64953;42493
66465;42494
66420;42505
64562;42518
64940;42522
65813;42539
66621;42542
65498;42556
65922;42570
64908;42579
64892;42587
64529;42591
65195;42603
65095;42607
65789;42611
66233;42661
65113;42663
65686;42683
66500;42698
64833;42710
66814;42711
65419;42746
66598;42755
65944;42759
65679;42803
65099;42818
66247;42825
64748;42841
66304;42845
66792;42866
65077;42868
65499;42877
64727;42887
65118;42891
66073;42892
65037;42900
64480;42923
65109;42927
65058;42934
64912;42956
65428;42971
64919;42986
64590;43020
66759;43045
65666;43045
66114;43063
64837;43096
64667;43131
64767;43132
65568;43138
65946;43152
64359;43179
66096;43187
65855;43195
66076;43210
65062;43215
64912;43227
65307;43242
65976;43246
65750;43249
65065;43249
64276;43275
64918;43276
65641;43280
64851;43295
65915;43304
66175;43305
66513;43328
65077;43341
65572;43360
65198;43376
65305;43381
66844;43413
64837;43485
66554;43512
65681;43514
66084;43527
66004;43560
64326;43588
65729;43597
65624;43599
64309;43618
65712;43641
65242;43672
65351;43722
65862;43728
64273;43738
65691;43789
65548;43805
64634;43808
64888;43816
66797;43836
64293;43843
64913;43845
66119;43865
66076;43865
64772;43892
65615;43917
65644;43918
65391;43922
64814;43936
66694;43944
65958;43944
65727;43951
65116;43953
66012;43965
65804;43988
65744;43989
65674;43990
64466;44012
65461;44045
65496;44065
66093;44075
65569;44079
65328;44099
65357;44129
66400;44146
64606;44151
65648;44161
64664;44169
66094;44172
64871;44189
65855;44192
64748;44210
65705;44224
65962;44234
65371;44257
64753;44278
65274;44289
66258;44292
66629;44333
64505;44341
65238;44347
65614;44349
65375;44369
66498;44387
64924;44388
66621;44397
64286;44415
65360;44475
66828;44481
65242;44505
65019;44515
65398;44537
66218;44553
65709;44557
65397;44561
66556;44562
65580;44564
64355;44641
66496;44656
66681;44666
64418;44681
64638;44703
66623;44711
65969;44726
66233;45395
64669;44734
65580;44743
65473;44766
64370;44775
64717;44798
65469;44823
66583;44831
65426;44842
66678;44843
65286;44852
65884;44868
65432;44891
64694;44909
66346;44942
66353;44966
66264;44990
65109;44996
64293;45004
65963;45016
65523;45019
64278;45058
64388;45064
64508;45065
64667;45067
66221;45105
64322;45122
66712;45152
65098;45157
64992;45163
64318;45173
66042;45176
65465;45184
66868;45185
65162;45186
64697;45207
65743;45271
65824;45275
66171;45278
65016;45279
66613;45284
65976;45284
66069;45288
65306;45292
64624;45297
66435;45298
65858;45315
65077;45327
64982;45333
65024;45356
65916;45360
66825;45364
66833;45377
66100;45380
65172;45404
64883;45410
66277;45426
66828;45442
64441;45446
64870;45466
65797;45470
64434;45483
65362;45486
65849;45502
66028;45503
66583;45515
66632;45526
65407;45560
64891;45624
65529;45626
65885;45642
65938;45654
65555;45655
65288;45673
66856;45675
65063;45682
65412;45702
66769;45731
65722;45732
64920;45744
65485;45745
65602;45747
66156;45749
64592;45749
64455;45749
64347;45749
66475;45778
65046;45783
66431;45795
65007;45824
66330;45852
64373;45858
66488;45872
66370;45889
65431;45898
66868;45899
65970;45908
65836;45914
66063;45918
65064;45920
64364;45929
65496;45936
65211;45968
65854;45969
66621;45990
66099;45992
64726;46009
64400;46014
64964;46019
65821;46027
66282;46035
66250;46040
65612;46040
65215;46053
65097;46066
66036;46076
65745;46102
65532;46106
65115;46107
65502;46127
65139;46128
64407;46136
66778;46138
65396;46141
64906;46146
65974;46152
64658;46201
65677;46202
64675;46214
65992;46226
65221;46246
65166;46248
66155;46259
65956;46284
65207;46296
65762;46308
66417;46315
65685;46327
66221;46328
66630;46363
66708;46378
65319;46378
66734;46438
65476;46441
64773;46442
64368;46444
66746;46446
65791;46446
65849;46452
65901;46465
65554;46467
66533;46482
64687;46500
65574;46520
65042;46521
64268;46558
65272;46571
66193;46576
66673;46588
66812;46589
65960;46594
65195;46614
64569;46616
65260;46617
66142;46620
65889;46622
64280;46626
64700;46631
65843;46638
64708;46644
66724;46654
65366;46658
65771;46667
65626;46675
66262;46696
66737;46698
66445;46698
66557;46704
66759;46719
65666;46719
64464;46752
66449;46758
66095;46761
65565;46781
64929;46794
64341;46797
66005;46802
66148;46814
66859;46842
66466;46866
66132;46871
66613;46874
65591;46882
65929;46890
64723;46915
64778;46916
66250;46937
65612;46937
66074;46947
65102;46951
64468;46965
64868;46975
65243;47027
64682;47044
65648;47062
65923;47076
66181;47080
65784;47080
64550;47094
66059;47132
64694;47140
65480;47160
65426;47161
66175;47185
66513;47186
65377;47205
65242;47249
64332;47256
65127;47259
65677;47276
64658;47290
64861;47320
65691;47321
66759;47332
65666;47332
64479;47347
64341;47358
65482;47377
66556;47396
65418;47401
65653;47440
66363;47442
65399;47444
65263;47474
64793;47509
66645;47512
65197;47513
66317;47515
65691;47526
66176;47542
65723;47562
64300;47595
66527;47617
65676;47635
66846;47639
65874;47644
65912;47653
65697;47655
65744;47695
65774;47719
65743;47720
66244;47732
66074;47747
64501;47751
66400;47758
64370;47777
65676;47794
65541;47818
66446;47833
65750;47837
65065;47837
65340;47856
66055;47857
64288;47863
66664;47868
66694;47886
65958;47886
64634;47890
65859;47905
65622;47928
64837;47941
64748;47954
65099;47960
65878;47986
64318;47991
65489;48003
66096;48016
65223;48038
66148;48048
64326;48068
65719;48074
65260;48079
65507;48109
65713;48130
64348;48144
66681;48148
65443;48151
65275;48160
65593;48177
66353;48199
65558;48200
65446;48202
65182;48217
65596;48261
65317;48263
64753;48291
65432;48375
65307;48378
64657;48409
64831;48438
65992;48457
64814;48469
66214;48492
66255;48530
66587;48536
65550;48555
65222;48557
66266;48585
65370;48593
66290;48597
64843;48601
66820;48627
65671;48631
65438;48637
64355;48642
66868;48643
66202;48650
66154;48674
66616;48685
65806;48711
65409;48717
64682;48718
65408;48735
65941;48760
66635;48785
65659;48800
65396;48801
66816;48805
66187;48811
64288;48821
66478;48830
64833;48843
66249;48847
66491;48863
64691;48866
65019;48874
65616;48895
65641;48919
64278;48923
65750;48935
65065;48935
66818;48944
64505;48945
65843;48952
65569;48994
64467;49004
64439;49008
65992;49018
65121;49034
66717;49070
65851;49070
65221;49081
65637;49140
64818;49158
65164;49185
65736;49237
64723;49263
65016;49267
65877;49279
66123;49287
65619;49289
65054;49290
66762;49291
66871;49293
65547;49296
65306;49299
65353;49303
65788;49338
64683;49348
64367;49360
65396;49367
66132;49384
65024;49390
64697;49406
65874;49419
66349;49421
64673;49422
65327;49444
66844;49446
66255;49452
66069;49481
66474;49507
65784;49531
66869;49542
65097;49543
66582;49558
64952;49562
66337;49574
66720;49592
66441;49629
65956;49631
65789;49639
66415;49680
66701;49695
65928;49712
65398;49738
66173;49751
66218;49757
64452;49770
66555;49778
65363;49781
66672;49788
64603;49789
66640;49799
66090;49799
65711;49804
64833;49822
66836;49826
66052;49836
66803;49850
65929;49860
66825;49863
65432;49866
65643;49871
64282;49876
66677;49878
64757;49901
65632;49911
64295;49922
64495;49929
65357;49950
65586;49974
65461;49978
64135;49981
65472;49994
66341;50018
64318;50023
64990;50028
65143;50045
65938;50098
65180;50110
65560;50114
65732;50117
64406;50119
65529;50143
66481;50145
65049;50148
65643;50157
65554;50159
64323;50161
65288;50165
64825;50172
66641;50187
66369;50203
66361;50213
65113;50228
65239;50254
65142;50284
66080;50305
64364;50317
66348;50320
65355;50328
65577;50330
65207;50353
65476;50355
65802;50366
65044;50369
65443;50386
65162;50404
66567;50415
65261;50428
66486;50440
65360;50456
66147;50467
66761;50482
65459;50482
66647;50496
65064;50515
64862;50517
65367;50518
66597;50531
64527;50539
65874;50559
65387;50585
65414;50586
65291;50629
65655;50649
65746;50650
66060;50674
65260;50675
65410;50683
64426;50688
64891;50703
65847;50704
66467;50725
65939;50738
65511;50739
66195;50745
66707;50760
66709;50764
64569;50774
65853;50787
64624;50798
64705;50809
66731;50814
66018;50823
65817;50837
66342;50844
65487;50857
66088;50878
65562;50882
66667;50894
64787;50895
66255;50904
65908;50907
65010;50916
64944;50924
65543;50931
64436;50944
65861;50968
65579;50971
66811;50981
64962;50982
65644;50983
65475;50986
64453;50987
64966;51037
65134;51047
65052;51055
65111;51099
64305;51108
64762;51148
65429;51178
65443;51239
65580;51240
65717;51250
65051;51262
65507;51308
65591;51317
66372;51318
65357;51324
66512;51347
65718;51348
64364;51372
65507;51405
64439;51414
66392;51415
65653;51427
65804;51429
66789;51443
64323;51459
65554;51464
64368;51482
66199;51499
64792;51502
66813;51520
66063;51523
65852;51537
64630;51546
64496;51561
66459;51562
64857;51562
66743;51592
64893;51618
64502;51634
66497;51637
65523;51641
64343;51649
65728;51651
65636;51685
65465;51686
65831;51707
66321;51709
66189;51712
66785;51719
66119;51732
66076;51732
65277;51734
66558;51742
64278;51745
66575;51756
66628;51758
65240;51762
65694;51767
65353;51810
65511;51851
65676;51855
65784;51857
65152;51870
64566;51875
64348;51899
64518;51937
66119;52023
66076;52023
65691;51985
65677;51999
66746;52003
65791;52003
64981;52031
66733;52038
66674;52044
64725;52045
64858;52054
65255;52063
66538;52065
65729;52072
64959;52079
65393;52084
66692;52098
66218;52109
65159;52138
65756;52161
66534;52165
64434;52172
64295;52185
64371;52205
64893;52238
66567;52275
65256;52276
65076;52281
66641;52284
64567;52288
65412;52296
64798;52303
66129;52317
65949;52326
66282;52329
66019;52344
66160;52345
65811;52362
65398;52372
65308;52377
64764;52400
66719;52404
66793;52405
66685;52413
65042;52445
66334;52450
64691;52463
64403;52482
64335;52491
66220;52540
64910;52551
65772;52564
65761;52568
64864;52582
65305;52624
64754;52638
65922;52641
65681;52644
66721;52658
66054;52673
66419;52679
65439;52688
65502;52698
64902;52700
65480;52711
65659;52714
65616;52726
66794;52750
65819;52755
66563;52757
65604;52798
64506;52804
66505;52816
65009;52843
66701;52861
64975;52865
66640;52869
66090;52869
66474;52881
66112;52896
64953;52954
65314;52957
65967;52964
65357;52969
66582;52993
64879;52995
66268;52996
66244;53017
66755;53031
65455;53031
64632;53049
65852;53053
65938;53058
66104;53113
65031;53124
65650;53131
64848;53138
65475;53154
64282;53157
64853;53161
65304;53186
66001;53200
65400;53204
65806;53209
66747;53225
65701;53225
66022;53241
65240;53262
65167;53268
66442;53271
66013;53275
66083;53280
66174;53283
64630;53283
65916;53285
65077;53307
66418;53319
64604;53333
65596;53363
64518;53365
65248;53369
64882;55318
65315;53383
66332;53400
66072;53404
65786;53423
66369;53437
65278;53446
66045;53459
64705;53469
66595;53472
65691;53473
65472;53475
66426;53484
65776;53490
65080;53497
66477;53511
64557;53513
64681;53518
65457;53521
65409;53526
65101;53548
66738;53567
66063;53574
64555;53583
64993;53595
65113;53601
64341;53624
66360;53641
66077;53646
65129;53657
66148;53988
66677;53674
64675;53696
66064;53706
65465;53722
66610;53758
66132;53763
65836;53774
65649;53781
64833;53781
64295;53786
65737;53787
65508;53793
66576;53800
65688;53812
64645;53834
64800;53843
65738;53873
65391;53885
64739;53893
66081;53896
65632;53906
65971;53914
66514;53917
65980;53937
64746;53953
64374;53963
66239;53975
65607;53978
66054;53982
66279;54001
64558;54006
65972;54015
65632;54032
65695;54039
64717;54044
66612;54048
66752;54054
65930;54061
64742;54084
66641;54096
64858;54132
64744;54134
64846;54150
66799;54151
66016;54151
65720;54159
66830;54178
65676;54181
65597;54214
64958;54217
66321;54229
65002;54234
65142;54257
65789;54258
64503;54266
66008;54267
65665;54795
66799;54291
66016;54291
64901;54305
65586;54319
65154;54336
65523;54343
64879;54370
66746;54372
65791;54372
65360;54379
65437;54386
66132;54392
64656;54413
65355;54415
66103;54436
66060;54451
66543;54465
64667;54467
66136;54482
65476;54509
64494;54522
65968;54529
64785;54534
66496;54549
65938;54556
66195;54562
65484;54569
65060;54572
64315;54597
64566;54631
65509;54636
65312;54640
65633;54674
65550;54689
64613;54693
65099;54710
65819;54759
65144;54770
66505;54785
64336;54802
65276;54825
65134;54842
64465;54856
64295;54864
65210;54882
66699;54928
65176;54952
66471;54974
65051;54977
65327;54978
66844;54979
64891;55008
65158;55054
66217;55055
64432;55087
66392;55098
66054;55107
64810;55112
65548;55118
64368;55135
64968;55139
65825;55148
66139;55172
65429;55175
65502;55181
64303;55214
66854;55237
66794;55241
65884;55250
66793;55257
65700;55265
64762;55266
66311;55311
65788;55336
65719;55350
66373;55362
65671;55370
65473;55386
65845;55393
66590;55396
64951;55400
66309;55419
64976;55422
64959;55445
66598;55456
65704;55456
64358;55460
66868;55462
64962;55463
66811;55475
65595;55479
66535;55481
65367;55482
65202;55483
64909;55492
65195;55527
65305;55537
65903;55543
66692;55550
64302;55551
66761;55560
65459;55560
66489;55567
66843;55587
66119;55599
66076;55599
65804;55614
66052;55616
66082;55680
64439;55681
66148;55688
65110;55691
66575;55696
66518;55696
65750;55705
65065;55705
66058;55719
65915;55726
65342;55731
66619;55741
65345;55752
64492;55771
66046;55796
66237;55804
65980;55842
65199;55847
64699;55864
66481;55870
66255;55882
66034;55889
65618;55908
65221;55927
66871;55934
65954;55948
66706;55967
65976;56011
66196;56029
66481;56032
66603;56036
65643;56042
65825;56085
64600;56099
65411;56106
65517;56118
65988;56127
66473;56143
66594;56146
65242;56154
64348;56173
65264;56175
64892;56321
65047;56179
64916;56187
64547;56204
65854;56207
66669;56221
65375;56228
65394;56235
65400;56244
65003;56252
65431;56259
65475;56266
66228;56283
65688;56284
66514;56287
66721;56293
64652;56302
64567;56307
65764;56311
66081;56334
64935;56348
64754;56349
65967;56418
65655;56422
66119;56427
66076;56427
66611;56439
66012;56459
66027;56496
65691;56497
66612;56512
66401;56522
64554;56527
65686;56537
66627;56542
65328;56562
65348;56577
64398;56581
66292;56582
66244;56590
65962;56598
66132;56628
66568;56631
65679;56641
66716;56646
65395;56653
66268;56663
66054;56676
65653;56689
65800;56695
64746;56696
65994;56707
66274;56711
66784;56737
64725;56740
65676;56762
65080;56788
64982;56791
66209;56809
66250;56814
65612;56814
66259;56836
65922;56860
64564;56876
65601;56892
65387;56924
65616;56941
65877;56957
65743;56960
65267;56967
65303;56968
64642;56984
64288;57000
65426;57016
65260;57065
65387;57068
66802;57074
65681;57092
66568;57113
64859;57126
65748;57133
65635;57135
65929;57144
65760;57154
65634;57158
66077;57159
65684;57170
64295;57208
65513;57212
66442;57215
65484;57228
65568;57241
64528;57248
64439;57249
65680;57260
65334;57277
65550;57284
65741;57310
65099;57312
65652;57340
64403;57347
65393;57364
66559;57381
64721;57385
65900;57397
64724;57438
64735;57440
64874;57441
64958;57445
65639;57447
65608;57455
65414;57458
66064;57462
65308;57485
65770;57486
64681;57488
65949;57491
65491;57501
64581;57513
66217;57520
64706;57521
64639;57529
66833;57534
65019;57539
66879;57560
66481;57573
65989;57580
65483;57586
65347;57589
66247;57602
66096;57613
66132;57615
66672;57626
65568;57630
64783;57632
64288;2734
64284;3192
64288;4785
64272;4995
64276;9842
64268;10249
64293;11167
64288;11269
64273;12446
64289;14222
64438;15536
64279;16049
64294;16354
64277;16625
64268;16631
64288;18756
64288;19236
64288;19953
64288;20504
64270;21190
66866;350
65565;57663
65642;57675
65358;57684
65466;57701
64766;57721
65858;57725
66749;57739
65591;57750
66683;57774
65642;57775
66527;57830
64924;57832
65725;57843
64822;57857
65426;57858
65429;57865
65560;57867
64900;57871
66735;57872
65770;57878
64373;57892
66789;57904
65716;57957
65563;57958
65774;57993
65649;58000
65851;58005
64288;58012
64287;58019
66541;58024
65442;58036
66063;58039
66195;58045
65872;58058
66071;58069
66846;58079
66215;58101
65276;58118
66732;58132
65299;58136
65869;58153
66036;58155
65828;58157
64400;58162
65954;58165
66486;58176
64705;58228
66335;58241
65967;58243
66666;58251
66002;58251
65737;58258
65743;58263
65394;58266
66524;58293
64367;58350
65400;58302
65184;58305
65968;58306
66799;58307
66016;58307
66730;58309
64556;58319
66119;58360
66076;58360
66716;58384
66583;58409
66244;58415
65457;58416
65036;58423
65085;58431
65997;58465
65484;58482
64408;58484
65222;58485
66053;58498
65202;58504
65546;58524
66469;58526
66056;58528
65476;58535
65548;58639
65470;58675
64903;58689
64341;58715
65938;58727
65941;58761
65314;58774
64821;58786
66095;58804
65960;58829
65280;58830
66751;58862
66626;58868
66193;58870
65416;58875
64768;58878
64479;58882
64275;58886
65978;58890
65367;58894
64536;58908
66170;58938
65447;58940
64496;58948
66589;58990
65019;59002
66814;59008
65121;59013
65797;59026
66435;59029
65099;59034
64932;59037
65077;59040
65732;59069
66875;59088
65005;59105
65711;59124
65992;59130
65577;59133
64786;59157
66118;59187
66695;59196
65766;59252
64406;59255
64491;59266
65143;59270
64762;59282
65825;59288
65417;59317
64774;59318
65286;59337
64654;59343
66851;59347
65154;59349
65405;59359
66355;59363
65804;59371
66688;59374
66362;59375
65637;59393
65938;59468
66041;59482
66007;59483
65189;59501
64562;59548
64918;59562
65960;59574
64724;59601
66023;59608
65309;59623
65826;59625
65769;59644
66527;59648
64881;59656
64792;59685
64401;59686
65876;59692
65230;59710
66599;59733
64601;59763
66744;59778
66654;59798
66196;59808
66056;59810
64452;59825
64988;59827
64346;59835
65653;59841
66340;59852
64351;59892
65806;59897
65998;59925
65525;59926
65089;59932
66448;59950
65688;59958
65124;59967
64268;59997
66450;60000
64296;60003
66690;60044
66789;60047
66284;60074
65409;60097
65502;60113
65383;60120
64833;60126
66793;60130
65747;60137
65750;60155
65065;60155
66191;60169
66111;60170
65684;60175
66795;60189
65639;60205
64368;60231
66848;60232
66779;60245
66682;60252
64417;60268
65365;60271
64394;60283
65398;60310
65098;60324
64885;60339
64307;60344
66210;60355
65697;60364
66218;60371
66268;60388
65911;60390
65649;60396
65867;60419
64962;60421
65781;60437
65244;60444
65475;60454
65579;60457
65472;60458
65967;60477
64451;60499
65699;60506
64494;60537
64637;60564
65869;60566
64869;60567
65863;60575
64432;60576
65581;60602
66395;60605
65705;60613
66271;60623
64385;60636
65525;60663
65560;60673
64280;60733
64837;60744
64300;60746
65620;60748
65495;60785
66799;60786
66016;60786
64679;60799
64750;60805
64403;60821
64634;60844
65400;60847
66137;60857
64691;60866
65228;60878
66487;60908
65829;60919
65055;60920
66730;60955
65419;60972
65664;60987
64439;60992
64866;60998
64351;61020
66218;61036
66237;61058
65752;61064
65623;61064
66322;61070
66654;61079
65124;61095
66450;61105
64654;61115
65510;61159
65360;61165
64317;61167
64301;61221
64494;61240
66181;61242
65358;61246
65748;61252
66341;61264
64784;61267
65711;61293
65565;61294
65659;61307
66668;61313
66695;61314
64671;61323
66541;61337
66054;61338
66761;61357
65459;61357
65735;61372
65652;61392
64561;61422
64424;61429
65835;61432
66632;61439
66757;61449
66807;61466
64783;61474
66525;61481
65260;61487
65515;61492
64482;61498
65195;61503
64438;61536
65741;61559
66842;61565
64485;61579
64805;61585
65732;61588
65802;61590
66411;61597
65133;61630
65671;61634
64754;61643
65268;61652
65613;61659
66866;61662
65110;61680
64907;61687
65319;61695
64466;61697
66217;61743
66191;61750
64624;61755
65468;61764
65787;61797
66618;61805
66702;61836
64949;61845
65598;61859
65387;61869
65978;61876
65419;61885
66568;61923
66581;61925
66046;61927
66172;61933
64950;61946
65105;61950
66218;61957
65182;61961
65610;61972
64682;61988
65851;62003
65611;62010
64759;62041
65727;62074
66195;62078
65410;62084
65099;62087
64752;62104
66302;62115
64934;62143
65221;62147
66152;62156
65104;62160
64359;62175
65113;62194
65874;62196
66875;62214
65121;62217
65367;62233
64773;62250
65080;62263
65068;62276
65577;62296
64555;62300
65874;62316
64813;62336
65077;62342
65992;62348
65692;62366
66786;62374
64496;62380
66257;62385
66787;62392
64833;62395
66494;62454
66176;62476
66354;62480
66362;62485
65638;62487
65671;62557
64426;62564
66779;62567
65710;62587
65046;62618
66199;62620
66781;62623
65475;62663
65579;62667
65768;62681
66284;62688
65694;62733
65135;62734
65005;62738
65245;62742
64432;62776
66639;62779
65980;62797
64754;62799
66441;62807
64344;62808
65429;62816
66081;62822
65117;62828
65362;62830
65146;62843
65802;62847
66108;62853
65159;62879
64822;62883
65789;62887
63590;62889
64767;62896
64988;62908
66532;62913
65502;62919
65756;62920
64299;62925
66392;62937
64742;62949
66774;62950
65725;62993
64368;63005
66765;63010
65742;63020
65277;63024
64907;63026
65069;63027
66564;63037
66279;63041
65016;63047
66061;63061
65688;63088
64364;63095
66416;63125
66679;63126
65098;63155
64805;63170
64650;63191
66708;63200
64480;63206
65330;63210
66610;63215
66383;63239
65691;63251
66150;63253
64917;63257
66599;63267
65842;63277
65974;63306
65686;63308
65524;63310
64449;63311
66588;63341
64838;63342
65409;63359
64886;63360
65503;63373
66292;63381
65718;63385
66511;63390
64980;63393
64976;63402
65705;63403
65705;63406
64986;63407
66736;63414
65407;63414
65872;63421
65952;63430
64699;63434
65664;63436
66255;63469
65145;63479
66394;63490
65863;63496
65580;63498
66225;63522
65489;63529
66505;63560
65597;63566
66205;63579
64507;63583
65581;63587
64852;63591
65819;63617
65797;63621
65762;63629
66503;63637
64312;63642
65676;63661
64881;63676
65590;63686
65210;63689
64269;63698
65747;63711
65182;63737
66017;63746
66122;63759
65600;63784
64523;63790
66104;63801
65810;63809
66609;63845
66555;63849
65826;63850
65649;63851
66218;63853
66871;63862
65733;63884
64557;63908
65260;63912
64386;63917
65195;63921
65938;63925
66418;63939
66634;63949
65913;63953
65074;63957
66160;63968
65865;63996
65289;64001
66062;64005
66453;64016
64718;64016
65534;64022
65898;64025
64675;64031
66721;64069
64998;64143
65091;64113
64938;64151
66125;64168
66747;64200
65701;64200
66237;64202
65419;64215
65942;64233
65118;64239
65189;64243
66562;64257